{
  "robot_name": "Jaka Zu12",
  "item_targets": {
    "Salad Bowl": {
      "position_matrix": [
        [0.000000, -0.000000, -1.000000, -173.771240],
        [-1.000000, 0.000000, -0.000000, 131.500000],
        [0.000000, 1.000000, -0.000000, 622.650024],
        [0.000000, 0.000000, 0.000000, 1.000000]
      ]
    },
    "Cutting Knife": {
      "position_matrix": [
        [1.000000, 0.000000, 0.000000, 300.0],
        [0.000000, 1.000000, 0.000000, 150.0],
        [0.000000, 0.000000, -1.000000, 500.0],
        [0.000000, 0.000000, 0.000000, 1.000000]
      ]
    },
    "Serving Spoon": {
      "position_matrix": [
        [-1.000000, 0.000000, 0.000000, -200.0],
        [0.000000, 1.000000, 0.000000, 100.0],
        [0.000000, 0.000000, -1.000000, 550.0],
        [0.000000, 0.000000, 0.000000, 1.000000]
      ]
    },
    "Serving Plate": {
      "position_matrix": [
        [0.707107, -0.707107, 0.000000, 400.0],
        [0.707107, 0.707107, 0.000000, -200.0],
        [0.000000, 0.000000, 1.000000, 600.0],
        [0.000000, 0.000000, 0.000000, 1.000000]
      ]
    }
  }
}

